[
    {
        "actionName": "Action",
        "steps": [
            {
                "stepId": "STEP10",
                "stepName": "Url: Index.htm",
                "infFile": "t2.inf",
                "time": 1693907472101
            },
            {
                "stepId": "STEP11",
                "stepName": "Submit Data: login.pl",
                "infFile": "t3.inf",
                "time": 1693907472289
            },
            {
                "stepId": "STEP12",
                "stepName": "Url: SignOff Button",
                "infFile": "t4.inf",
                "time": 1693907472546
            }
        ],
        "transactions": [
            {
                "transactionName": "TR01_Login",
                "rawStartTime": 1693907472108,
                "rawEndTime": 1693907472290,
                "thinkTime": 0.0,
                "wastedTime": 0.01494598388671875
            },
            {
                "transactionName": "TR02_SignOff",
                "rawStartTime": 1693907472351,
                "rawEndTime": 1693907472548,
                "thinkTime": 0.0,
                "wastedTime": 0.015534639358520508
            }
        ]
    }
]