{
  "FilterHeaders": [
    {
      "Header": "x-goog-encode-response-if-executable",
      "IncludeInScript": false
    },
    {
      "Header": "x-goog-api-key",
      "IncludeInScript": false
    },
    {
      "Header": "user-agent",
      "IncludeInScript": false
    },
    {
      "Header": "upgrade-insecure-requests",
      "IncludeInScript": false
    },
    {
      "Header": "sec-fetch-user",
      "IncludeInScript": false
    },
    {
      "Header": "sec-fetch-site",
      "IncludeInScript": false
    },
    {
      "Header": "sec-fetch-mode",
      "IncludeInScript": false
    },
    {
      "Header": "sec-fetch-dest",
      "IncludeInScript": false
    },
    {
      "Header": "sec-ch-ua-platform",
      "IncludeInScript": false
    },
    {
      "Header": "sec-ch-ua-mobile",
      "IncludeInScript": false
    },
    {
      "Header": "sec-ch-ua",
      "IncludeInScript": false
    },
    {
      "Header": "origin",
      "IncludeInScript": false
    },
    {
      "Header": "if-none-match",
      "IncludeInScript": false
    },
    {
      "Header": "if-modified-since",
      "IncludeInScript": false
    },
    {
      "Header": "cache-control",
      "IncludeInScript": false
    },
    {
      "Header": "accept-language",
      "IncludeInScript": false
    },
    {
      "Header": "accept-encoding",
      "IncludeInScript": false
    },
    {
      "Header": "accept",
      "IncludeInScript": false
    },
    {
      "Header": "a-im",
      "IncludeInScript": false
    }
  ],
  "FilterResources": [
    {
      "IsNonResource": false,
      "type": "text/plain"
    },
    {
      "IsNonResource": true,
      "type": "text/html"
    },
    {
      "IsNonResource": false,
      "type": "image/png"
    },
    {
      "IsNonResource": false,
      "type": "image/gif"
    }
  ],
  "GeneralInfo": {
    "BrowserVersion": "",
    "IsWinInetMode": false,
    "MaxUsedConnections": 14,
    "RecordedBrowser": "Chrome",
    "RecordingDate": "Aug-14-2023",
    "RecordingDuration": 53640,
    "RecordingMode": "N/A",
    "RecordingTimeStamp": 1691990617,
    "RecordingType": "Browser",
    "TotalBytesReceived": 36553,
    "TotalBytesSent": 25645,
    "TotalRequests": 32,
    "UserAgent": "Mozilla/5.0 (Windows NT 10.0; Win64; x64) AppleWebKit/537.36 (KHTML, like Gecko) Chrome/115.0.0.0 Safari/537.36"
  },
  "HostInfo": [
    {
      "DomainName": "googleapis.com",
      "Domains": [
        {
          "HTTPVersion": "HTTP/1.1",
          "IP": "172.217.166.42",
          "IncludeInScript": true,
          "Name": "content-autofill.googleapis.com",
          "Port": 443,
          "Requests": [
            {
              "CompressionType": "gzip",
              "DataType": "text/plain",
              "DownloadTime": 140,
              "EventId": 104,
              "HttpStatus": 200,
              "Size": 64,
              "URL": "https://content-autofill.googleapis.com/v1/pages/ChVDaHJvbWUvMTE1LjAuNTc5MC4xNzESLAnrCB0dNWv2fxIFDVRiKa0SBQ17ncSlEgUNHzs5hRIFDdqFmWESBQ2pjkq9?alt=proto"
            },
            {
              "CompressionType": "gzip",
              "DataType": "text/plain",
              "DownloadTime": 187,
              "EventId": 53,
              "HttpStatus": 200,
              "Size": 40,
              "URL": "https://content-autofill.googleapis.com/v1/pages/ChVDaHJvbWUvMTE1LjAuNTc5MC4xNzESFwk32UHgj34xiRIFDeeNQA4SBQ3OQUx6?alt=proto"
            }
          ],
          "SSLCipher": "TLS_AES_256_GCM_SHA384",
          "SSLVersion": "TLS1.3"
        },
        {
          "HTTPVersion": "HTTP/1.1",
          "IP": "142.250.183.195",
          "IncludeInScript": true,
          "Name": "clientservices.googleapis.com",
          "Port": 443,
          "Requests": [
            {
              "CompressionType": "",
              "DataType": "",
              "DownloadTime": 250,
              "EventId": 49,
              "HttpStatus": 304,
              "Size": 0,
              "URL": "https://clientservices.googleapis.com/chrome-variations/seed?osname=win&channel=stable&milestone=115"
            }
          ],
          "SSLCipher": "TLS_AES_256_GCM_SHA384",
          "SSLVersion": "TLS1.3"
        }
      ],
      "IncludeInScript": true
    },
    {
      "DomainName": "127.0.0.1",
      "Domains": [
        {
          "HTTPVersion": "HTTP/1.1",
          "IP": "127.0.0.1",
          "IncludeInScript": true,
          "Name": "127.0.0.1",
          "Port": 1080,
          "Requests": [
            {
              "CompressionType": "",
              "DataType": "",
              "DownloadTime": 0,
              "EventId": 135,
              "HttpStatus": 304,
              "Size": 0,
              "URL": "http://127.0.0.1:1080/WebTours/home.html"
            },
            {
              "CompressionType": "",
              "DataType": "text/html",
              "DownloadTime": 79,
              "EventId": 132,
              "HttpStatus": 200,
              "Size": 1486,
              "URL": "http://127.0.0.1:1080/cgi-bin/nav.pl?in=home"
            },
            {
              "CompressionType": "",
              "DataType": "text/html",
              "DownloadTime": 47,
              "EventId": 127,
              "HttpStatus": 200,
              "Size": 686,
              "URL": "http://127.0.0.1:1080/cgi-bin/welcome.pl?signOff=1"
            },
            {
              "CompressionType": "",
              "DataType": "image/gif",
              "DownloadTime": 32,
              "EventId": 125,
              "HttpStatus": 200,
              "Size": 806,
              "URL": "http://127.0.0.1:1080/WebTours/images/bookanother.gif"
            },
            {
              "CompressionType": "",
              "DataType": "text/html",
              "DownloadTime": 47,
              "EventId": 122,
              "HttpStatus": 200,
              "Size": 2569,
              "URL": "http://127.0.0.1:1080/cgi-bin/reservations.pl"
            },
            {
              "CompressionType": "",
              "DataType": "text/html",
              "DownloadTime": 63,
              "EventId": 116,
              "HttpStatus": 200,
              "Size": 2717,
              "URL": "http://127.0.0.1:1080/cgi-bin/reservations.pl"
            },
            {
              "CompressionType": "",
              "DataType": "text/html",
              "DownloadTime": 47,
              "EventId": 113,
              "HttpStatus": 200,
              "Size": 3605,
              "URL": "http://127.0.0.1:1080/cgi-bin/reservations.pl"
            },
            {
              "CompressionType": "",
              "DataType": "image/gif",
              "DownloadTime": 31,
              "EventId": 102,
              "HttpStatus": 200,
              "Size": 758,
              "URL": "http://127.0.0.1:1080/WebTours/images/button_next.gif"
            },
            {
              "CompressionType": "",
              "DataType": "image/gif",
              "DownloadTime": 47,
              "EventId": 100,
              "HttpStatus": 200,
              "Size": 726,
              "URL": "http://127.0.0.1:1080/WebTours/images/in_flights.gif"
            },
            {
              "CompressionType": "",
              "DataType": "image/gif",
              "DownloadTime": 16,
              "EventId": 97,
              "HttpStatus": 200,
              "Size": 688,
              "URL": "http://127.0.0.1:1080/WebTours/images/home.gif"
            },
            {
              "CompressionType": "",
              "DataType": "text/html",
              "DownloadTime": 94,
              "EventId": 95,
              "HttpStatus": 200,
              "Size": 4246,
              "URL": "http://127.0.0.1:1080/cgi-bin/reservations.pl?page=welcome"
            },
            {
              "CompressionType": "",
              "DataType": "text/html",
              "DownloadTime": 62,
              "EventId": 92,
              "HttpStatus": 200,
              "Size": 1482,
              "URL": "http://127.0.0.1:1080/cgi-bin/nav.pl?page=menu&in=flights"
            },
            {
              "CompressionType": "",
              "DataType": "text/html",
              "DownloadTime": 47,
              "EventId": 89,
              "HttpStatus": 200,
              "Size": 616,
              "URL": "http://127.0.0.1:1080/cgi-bin/welcome.pl?page=search"
            },
            {
              "CompressionType": "",
              "DataType": "text/html",
              "DownloadTime": 62,
              "EventId": 86,
              "HttpStatus": 200,
              "Size": 918,
              "URL": "http://127.0.0.1:1080/cgi-bin/login.pl?intro=true"
            },
            {
              "CompressionType": "",
              "DataType": "image/gif",
              "DownloadTime": 15,
              "EventId": 84,
              "HttpStatus": 200,
              "Size": 751,
              "URL": "http://127.0.0.1:1080/WebTours/images/signoff.gif"
            },
            {
              "CompressionType": "",
              "DataType": "image/gif",
              "DownloadTime": 47,
              "EventId": 82,
              "HttpStatus": 200,
              "Size": 726,
              "URL": "http://127.0.0.1:1080/WebTours/images/flights.gif"
            },
            {
              "CompressionType": "",
              "DataType": "image/gif",
              "DownloadTime": 16,
              "EventId": 80,
              "HttpStatus": 200,
              "Size": 733,
              "URL": "http://127.0.0.1:1080/WebTours/images/itinerary.gif"
            },
            {
              "CompressionType": "",
              "DataType": "image/gif",
              "DownloadTime": 16,
              "EventId": 78,
              "HttpStatus": 200,
              "Size": 688,
              "URL": "http://127.0.0.1:1080/WebTours/images/in_home.gif"
            },
            {
              "CompressionType": "",
              "DataType": "text/html",
              "DownloadTime": 63,
              "EventId": 69,
              "HttpStatus": 200,
              "Size": 1482,
              "URL": "http://127.0.0.1:1080/cgi-bin/nav.pl?page=menu&in=home"
            },
            {
              "CompressionType": "",
              "DataType": "text/html",
              "DownloadTime": 47,
              "EventId": 64,
              "HttpStatus": 200,
              "Size": 481,
              "URL": "http://127.0.0.1:1080/cgi-bin/login.pl"
            },
            {
              "CompressionType": "",
              "DataType": "text/html",
              "DownloadTime": 0,
              "EventId": 47,
              "HttpStatus": 404,
              "Size": 209,
              "URL": "http://127.0.0.1:1080/favicon.ico"
            },
            {
              "CompressionType": "",
              "DataType": "image/gif",
              "DownloadTime": 31,
              "EventId": 41,
              "HttpStatus": 200,
              "Size": 679,
              "URL": "http://127.0.0.1:1080/WebTours/images/mer_login.gif"
            },
            {
              "CompressionType": "",
              "DataType": "text/html",
              "DownloadTime": 47,
              "EventId": 36,
              "HttpStatus": 200,
              "Size": 1486,
              "URL": "http://127.0.0.1:1080/cgi-bin/nav.pl?in=home"
            },
            {
              "CompressionType": "",
              "DataType": "text/html",
              "DownloadTime": 15,
              "EventId": 34,
              "HttpStatus": 200,
              "Size": 1361,
              "URL": "http://127.0.0.1:1080/WebTours/home.html"
            },
            {
              "CompressionType": "",
              "DataType": "image/png",
              "DownloadTime": 15,
              "EventId": 32,
              "HttpStatus": 200,
              "Size": 4187,
              "URL": "http://127.0.0.1:1080/WebTours/images/webtours.png"
            },
            {
              "CompressionType": "",
              "DataType": "text/html",
              "DownloadTime": 79,
              "EventId": 29,
              "HttpStatus": 200,
              "Size": 686,
              "URL": "http://127.0.0.1:1080/cgi-bin/welcome.pl?signOff=true"
            },
            {
              "CompressionType": "",
              "DataType": "image/png",
              "DownloadTime": 0,
              "EventId": 24,
              "HttpStatus": 200,
              "Size": 601,
              "URL": "http://127.0.0.1:1080/WebTours/images/hp_logo.png"
            },
            {
              "CompressionType": "",
              "DataType": "text/html",
              "DownloadTime": 16,
              "EventId": 21,
              "HttpStatus": 200,
              "Size": 710,
              "URL": "http://127.0.0.1:1080/WebTours/header.html"
            },
            {
              "CompressionType": "",
              "DataType": "text/html",
              "DownloadTime": 16,
              "EventId": 10,
              "HttpStatus": 200,
              "Size": 366,
              "URL": "http://127.0.0.1:1080/WebTours/Index.htm"
            }
          ],
          "SSLCipher": "None",
          "SSLVersion": "None"
        }
      ],
      "IncludeInScript": true
    }
  ],
  "WebSocket": {
    "IncludeInScript": false,
    "IsScriptIncludeWebSocket": false
  },
  "NumberOfCorrelations": 3
}