[
    {
        "actionName": "Action",
        "steps": [
            {
                "stepId": "STEP1",
                "stepName": "Url: Index.htm",
                "infFile": "t2.inf",
                "time": 1691991020627
            },
            {
                "stepId": "STEP2",
                "stepName": "Submit Data: login.pl",
                "infFile": "t4.inf",
                "time": 1691991022121
            },
            {
                "stepId": "STEP3",
                "stepName": "Image: Search Flights Button",
                "infFile": "t5.inf",
                "time": 1691991022315
            },
            {
                "stepId": "STEP4",
                "stepName": "Submit Form: reservations.pl",
                "infFile": "t6.inf",
                "time": 1691991022397
            },
            {
                "stepId": "STEP5",
                "stepName": "Submit Form: reservations.pl_2",
                "infFile": "t7.inf",
                "time": 1691991022494
            },
            {
                "stepId": "STEP6",
                "stepName": "Submit Form: reservations.pl_3",
                "infFile": "t8.inf",
                "time": 1691991022623
            },
            {
                "stepId": "STEP7",
                "stepName": "Image: SignOff Button",
                "infFile": "t9.inf",
                "time": 1691991022792
            }
        ],
        "transactions": []
    }
]