[
    {
        "actionName": "Action",
        "steps": [
            {
                "stepId": "STEP4",
                "stepName": "Url: Index.htm",
                "infFile": "t2.inf",
                "time": 1693907470677
            },
            {
                "stepId": "STEP5",
                "stepName": "Submit Data: login.pl",
                "infFile": "t3.inf",
                "time": 1693907470934
            },
            {
                "stepId": "STEP6",
                "stepName": "Url: SignOff Button",
                "infFile": "t4.inf",
                "time": 1693907471148
            }
        ],
        "transactions": [
            {
                "transactionName": "TR01_Login",
                "rawStartTime": 1693907470684,
                "rawEndTime": 1693907470936,
                "thinkTime": 0.0,
                "wastedTime": 0.011331319808959961
            },
            {
                "transactionName": "TR02_SignOff",
                "rawStartTime": 1693907470986,
                "rawEndTime": 1693907471149,
                "thinkTime": 0.0,
                "wastedTime": 0.01045536994934082
            }
        ]
    }
]