﻿<DataObject comparison="Ordinal">
  <Section id="">
    <Subsections>
      <Section id="General">
        <Subsections />
        <Entries>
          <Entry key="ElapsedTime">
            <double>11.0337021</double>
          </Entry>
          <Entry key="StartedAt">
            <dateTime>2023-09-05T09:51:02.0634825+00:00</dateTime>
          </Entry>
          <Entry key="EndedAt">
            <dateTime>2023-09-05T09:51:13.0971846+00:00</dateTime>
          </Entry>
          <Entry key="ReplayStatus">
            <LastReplayRunStatus>Passed</LastReplayRunStatus>
          </Entry>
          <Entry key="NumberOfReplayErrors">
            <int>0</int>
          </Entry>
          <Entry key="NumberOfReplayCriticalErrors">
            <int>0</int>
          </Entry>
          <Entry key="NumberOfCompilationErrors">
            <int>0</int>
          </Entry>
        </Entries>
      </Section>
    </Subsections>
    <Entries>
      <Entry key="Iterations">
        <int>4</int>
      </Entry>
    </Entries>
  </Section>
</DataObject>