[
    {
        "actionName": "Action",
        "steps": [
            {
                "stepId": "STEP1",
                "stepName": "Url: Index.htm",
                "infFile": "t2.inf",
                "time": 1693907470087
            },
            {
                "stepId": "STEP2",
                "stepName": "Submit Data: login.pl",
                "infFile": "t3.inf",
                "time": 1693907470229
            },
            {
                "stepId": "STEP3",
                "stepName": "Url: SignOff Button",
                "infFile": "t4.inf",
                "time": 1693907470405
            }
        ],
        "transactions": [
            {
                "transactionName": "TR01_Login",
                "rawStartTime": 1693907470095,
                "rawEndTime": 1693907470231,
                "thinkTime": 0.0,
                "wastedTime": 0.0056934356689453129
            },
            {
                "transactionName": "TR02_SignOff",
                "rawStartTime": 1693907470275,
                "rawEndTime": 1693907470406,
                "thinkTime": 0.0,
                "wastedTime": 0.0041501522064208988
            }
        ]
    }
]