[
    {
        "actionName": "Action",
        "steps": [
            {
                "stepId": "STEP1",
                "stepName": "Url: Index.htm",
                "infFile": "t2.inf",
                "time": 1691991961848
            },
            {
                "stepId": "STEP2",
                "stepName": "Submit Data: login.pl",
                "infFile": "t4.inf",
                "time": 1691991963425
            },
            {
                "stepId": "STEP3",
                "stepName": "Image: Search Flights Button",
                "infFile": "t5.inf",
                "time": 1691991963596
            },
            {
                "stepId": "STEP4",
                "stepName": "Custom Request: json",
                "infFile": "t6.inf",
                "time": 1691991964286
            },
            {
                "stepId": "STEP5",
                "stepName": "Submit Data: reservations.pl",
                "infFile": "t7.inf",
                "time": 1691991964362
            },
            {
                "stepId": "STEP6",
                "stepName": "Submit Form: reservations.pl_2",
                "infFile": "t8.inf",
                "time": 1691991964704
            },
            {
                "stepId": "STEP7",
                "stepName": "Submit Form: reservations.pl_3",
                "infFile": "t9.inf",
                "time": 1691991964767
            },
            {
                "stepId": "STEP8",
                "stepName": "Url: welcome.pl",
                "infFile": "t10.inf",
                "time": 1691991965139
            }
        ],
        "transactions": []
    }
]