{
  "FilterHeaders": [
    {
      "Header": "x-goog-update-updater",
      "IncludeInScript": false
    },
    {
      "Header": "x-goog-update-interactivity",
      "IncludeInScript": false
    },
    {
      "Header": "x-goog-update-appid",
      "IncludeInScript": false
    },
    {
      "Header": "x-goog-encode-response-if-executable",
      "IncludeInScript": false
    },
    {
      "Header": "x-goog-api-key",
      "IncludeInScript": false
    },
    {
      "Header": "user-agent",
      "IncludeInScript": false
    },
    {
      "Header": "upgrade-insecure-requests",
      "IncludeInScript": false
    },
    {
      "Header": "sec-fetch-user",
      "IncludeInScript": false
    },
    {
      "Header": "sec-fetch-site",
      "IncludeInScript": false
    },
    {
      "Header": "sec-fetch-mode",
      "IncludeInScript": false
    },
    {
      "Header": "sec-fetch-dest",
      "IncludeInScript": false
    },
    {
      "Header": "sec-ch-ua-platform",
      "IncludeInScript": false
    },
    {
      "Header": "sec-ch-ua-mobile",
      "IncludeInScript": false
    },
    {
      "Header": "sec-ch-ua",
      "IncludeInScript": false
    },
    {
      "Header": "origin",
      "IncludeInScript": false
    },
    {
      "Header": "if-none-match",
      "IncludeInScript": false
    },
    {
      "Header": "cache-control",
      "IncludeInScript": false
    },
    {
      "Header": "accept-language",
      "IncludeInScript": false
    },
    {
      "Header": "accept-encoding",
      "IncludeInScript": false
    },
    {
      "Header": "accept",
      "IncludeInScript": false
    },
    {
      "Header": "a-im",
      "IncludeInScript": false
    }
  ],
  "FilterResources": [
    {
      "IsNonResource": false,
      "type": "text/plain"
    },
    {
      "IsNonResource": true,
      "type": "text/html"
    },
    {
      "IsNonResource": false,
      "type": "image/png"
    },
    {
      "IsNonResource": false,
      "type": "image/gif"
    },
    {
      "IsNonResource": false,
      "type": "application/x-gzip"
    },
    {
      "IsNonResource": true,
      "type": "application/json"
    }
  ],
  "GeneralInfo": {
    "BrowserVersion": "",
    "IsWinInetMode": false,
    "MaxUsedConnections": 9,
    "RecordedBrowser": "Chrome",
    "RecordingDate": "Aug-28-2023",
    "RecordingDuration": 235938,
    "RecordingMode": "N/A",
    "RecordingTimeStamp": 1693227641,
    "RecordingType": "Browser",
    "TotalBytesReceived": 64424,
    "TotalBytesSent": 20594,
    "TotalRequests": 16,
    "UserAgent": "Mozilla/5.0 (Windows NT 10.0; Win64; x64) AppleWebKit/537.36 (KHTML, like Gecko) Chrome/116.0.0.0 Safari/537.36"
  },
  "HostInfo": [
    {
      "DomainName": "googleapis.com",
      "Domains": [
        {
          "HTTPVersion": "HTTP/1.1",
          "IP": "172.217.174.67",
          "IncludeInScript": true,
          "Name": "update.googleapis.com",
          "Port": 443,
          "Requests": [
            {
              "CompressionType": "gzip",
              "DataType": "application/json",
              "DownloadTime": 250,
              "EventId": 108,
              "HttpStatus": 200,
              "Size": 218,
              "URL": "https://update.googleapis.com/service/update2/json"
            },
            {
              "CompressionType": "gzip",
              "DataType": "application/json",
              "DownloadTime": 296,
              "EventId": 103,
              "HttpStatus": 200,
              "Size": 10025,
              "URL": "https://update.googleapis.com/service/update2/json?cup2key=13:a3nAevVehX1JT2Mw8XWeb8FZm0Z5mIl80N-2BRYbjmY&cup2hreq=ed751ad21a6d70eab93596c596e123771818030243797c3d700b06bc49da3557"
            }
          ],
          "SSLCipher": "TLS_AES_256_GCM_SHA384",
          "SSLVersion": "TLS1.3"
        },
        {
          "HTTPVersion": "HTTP/1.1",
          "IP": "142.250.182.202",
          "IncludeInScript": true,
          "Name": "content-autofill.googleapis.com",
          "Port": 443,
          "Requests": [
            {
              "CompressionType": "gzip",
              "DataType": "text/plain",
              "DownloadTime": 156,
              "EventId": 86,
              "HttpStatus": 200,
              "Size": 40,
              "URL": "https://content-autofill.googleapis.com/v1/pages/ChVDaHJvbWUvMTE2LjAuNTg0NS4xMTESFwk32UHgj34xiRIFDeeNQA4SBQ3OQUx6?alt=proto"
            }
          ],
          "SSLCipher": "TLS_AES_256_GCM_SHA384",
          "SSLVersion": "TLS1.3"
        },
        {
          "HTTPVersion": "HTTP/1.1",
          "IP": "216.58.203.35",
          "IncludeInScript": true,
          "Name": "clientservices.googleapis.com",
          "Port": 443,
          "Requests": [
            {
              "CompressionType": "",
              "DataType": "application/x-gzip",
              "DownloadTime": 250,
              "EventId": 46,
              "HttpStatus": 200,
              "Size": 40884,
              "URL": "https://clientservices.googleapis.com/chrome-variations/seed?osname=win&channel=stable&milestone=116"
            }
          ],
          "SSLCipher": "TLS_AES_256_GCM_SHA384",
          "SSLVersion": "TLS1.3"
        }
      ],
      "IncludeInScript": true
    },
    {
      "DomainName": "127.0.0.1",
      "Domains": [
        {
          "HTTPVersion": "HTTP/1.1",
          "IP": "127.0.0.1",
          "IncludeInScript": true,
          "Name": "127.0.0.1",
          "Port": 1080,
          "Requests": [
            {
              "CompressionType": "",
              "DataType": "text/html",
              "DownloadTime": 62,
              "EventId": 128,
              "HttpStatus": 200,
              "Size": 1030,
              "URL": "http://127.0.0.1:1080/cgi-bin/error.pl?error=badPassword"
            },
            {
              "CompressionType": "",
              "DataType": "text/html",
              "DownloadTime": 47,
              "EventId": 125,
              "HttpStatus": 200,
              "Size": 1492,
              "URL": "http://127.0.0.1:1080/cgi-bin/nav.pl?username=jojo&password=nean"
            },
            {
              "CompressionType": "",
              "DataType": "text/html",
              "DownloadTime": 78,
              "EventId": 120,
              "HttpStatus": 200,
              "Size": 452,
              "URL": "http://127.0.0.1:1080/cgi-bin/login.pl"
            },
            {
              "CompressionType": "",
              "DataType": "text/html",
              "DownloadTime": 16,
              "EventId": 63,
              "HttpStatus": 404,
              "Size": 209,
              "URL": "http://127.0.0.1:1080/favicon.ico"
            },
            {
              "CompressionType": "",
              "DataType": "image/gif",
              "DownloadTime": 31,
              "EventId": 44,
              "HttpStatus": 200,
              "Size": 679,
              "URL": "http://127.0.0.1:1080/WebTours/images/mer_login.gif"
            },
            {
              "CompressionType": "",
              "DataType": "text/html",
              "DownloadTime": 78,
              "EventId": 41,
              "HttpStatus": 200,
              "Size": 1484,
              "URL": "http://127.0.0.1:1080/cgi-bin/nav.pl?in=home"
            },
            {
              "CompressionType": "",
              "DataType": "text/html",
              "DownloadTime": 0,
              "EventId": 37,
              "HttpStatus": 200,
              "Size": 1361,
              "URL": "http://127.0.0.1:1080/WebTours/home.html"
            },
            {
              "CompressionType": "",
              "DataType": "image/png",
              "DownloadTime": 16,
              "EventId": 35,
              "HttpStatus": 200,
              "Size": 4187,
              "URL": "http://127.0.0.1:1080/WebTours/images/webtours.png"
            },
            {
              "CompressionType": "",
              "DataType": "text/html",
              "DownloadTime": 94,
              "EventId": 32,
              "HttpStatus": 200,
              "Size": 686,
              "URL": "http://127.0.0.1:1080/cgi-bin/welcome.pl?signOff=true"
            },
            {
              "CompressionType": "",
              "DataType": "image/png",
              "DownloadTime": 0,
              "EventId": 27,
              "HttpStatus": 200,
              "Size": 601,
              "URL": "http://127.0.0.1:1080/WebTours/images/hp_logo.png"
            },
            {
              "CompressionType": "",
              "DataType": "text/html",
              "DownloadTime": 15,
              "EventId": 24,
              "HttpStatus": 200,
              "Size": 710,
              "URL": "http://127.0.0.1:1080/WebTours/header.html"
            },
            {
              "CompressionType": "",
              "DataType": "text/html",
              "DownloadTime": 16,
              "EventId": 10,
              "HttpStatus": 200,
              "Size": 366,
              "URL": "http://127.0.0.1:1080/WebTours/Index.htm"
            }
          ],
          "SSLCipher": "None",
          "SSLVersion": "None"
        }
      ],
      "IncludeInScript": true
    }
  ],
  "WebSocket": {
    "IncludeInScript": false,
    "IsScriptIncludeWebSocket": false
  },
  "NumberOfCorrelations": 1
}