{
  "FilterHeaders": [
    {
      "Header": "x-requested-with",
      "IncludeInScript": false
    },
    {
      "Header": "x-goog-encode-response-if-executable",
      "IncludeInScript": false
    },
    {
      "Header": "x-goog-api-key",
      "IncludeInScript": false
    },
    {
      "Header": "user-agent",
      "IncludeInScript": false
    },
    {
      "Header": "upgrade-insecure-requests",
      "IncludeInScript": false
    },
    {
      "Header": "soapaction",
      "IncludeInScript": false
    },
    {
      "Header": "sec-fetch-site",
      "IncludeInScript": false
    },
    {
      "Header": "sec-fetch-mode",
      "IncludeInScript": false
    },
    {
      "Header": "sec-fetch-dest",
      "IncludeInScript": false
    },
    {
      "Header": "sec-ch-ua-platform",
      "IncludeInScript": false
    },
    {
      "Header": "sec-ch-ua-mobile",
      "IncludeInScript": false
    },
    {
      "Header": "sec-ch-ua",
      "IncludeInScript": false
    },
    {
      "Header": "origin",
      "IncludeInScript": false
    },
    {
      "Header": "if-none-match",
      "IncludeInScript": false
    },
    {
      "Header": "accept-language",
      "IncludeInScript": false
    },
    {
      "Header": "accept-encoding",
      "IncludeInScript": false
    },
    {
      "Header": "accept",
      "IncludeInScript": false
    },
    {
      "Header": "a-im",
      "IncludeInScript": false
    }
  ],
  "FilterResources": [
    {
      "IsNonResource": true,
      "type": "text/xml"
    },
    {
      "IsNonResource": false,
      "type": "text/plain"
    },
    {
      "IsNonResource": false,
      "type": "text/javascript"
    },
    {
      "IsNonResource": true,
      "type": "text/html"
    },
    {
      "IsNonResource": false,
      "type": "text/css"
    },
    {
      "IsNonResource": false,
      "type": "image/x-icon"
    },
    {
      "IsNonResource": false,
      "type": "image/svg+xml"
    },
    {
      "IsNonResource": false,
      "type": "image/png"
    },
    {
      "IsNonResource": false,
      "type": "image/jpeg"
    },
    {
      "IsNonResource": false,
      "type": "image/gif"
    },
    {
      "IsNonResource": false,
      "type": "font/woff"
    },
    {
      "IsNonResource": false,
      "type": "application/x-gzip"
    },
    {
      "IsNonResource": true,
      "type": "application/json"
    },
    {
      "IsNonResource": false,
      "type": "application/javascript"
    }
  ],
  "GeneralInfo": {
    "BrowserVersion": "",
    "IsWinInetMode": false,
    "MaxUsedConnections": 13,
    "RecordedBrowser": "Chrome",
    "RecordingDate": "Aug-14-2023",
    "RecordingDuration": 49750,
    "RecordingMode": "N/A",
    "RecordingTimeStamp": 1692011486,
    "RecordingType": "Browser",
    "TotalBytesReceived": 3235434,
    "TotalBytesSent": 32292,
    "TotalRequests": 49,
    "UserAgent": "Mozilla/5.0 (Windows NT 10.0; Win64; x64) AppleWebKit/537.36 (KHTML, like Gecko) Chrome/115.0.0.0 Safari/537.36"
  },
  "HostInfo": [
    {
      "DomainName": "googletagmanager.com",
      "Domains": [
        {
          "HTTPVersion": "HTTP/1.1",
          "IP": "142.250.192.72",
          "IncludeInScript": true,
          "Name": "www.googletagmanager.com",
          "Port": 443,
          "Requests": [
            {
              "CompressionType": "br",
              "DataType": "application/javascript",
              "DownloadTime": 93,
              "EventId": 37,
              "HttpStatus": 200,
              "Size": 256028,
              "URL": "https://www.googletagmanager.com/gtag/js?id=G-TBPYED8WSW"
            }
          ],
          "SSLCipher": "TLS_AES_256_GCM_SHA384",
          "SSLVersion": "TLS1.3"
        }
      ],
      "IncludeInScript": true
    },
    {
      "DomainName": "googleapis.com",
      "Domains": [
        {
          "HTTPVersion": "HTTP/1.1",
          "IP": "172.217.166.74",
          "IncludeInScript": true,
          "Name": "content-autofill.googleapis.com",
          "Port": 443,
          "Requests": [
            {
              "CompressionType": "gzip",
              "DataType": "text/plain",
              "DownloadTime": 125,
              "EventId": 191,
              "HttpStatus": 200,
              "Size": 52,
              "URL": "https://content-autofill.googleapis.com/v1/pages/ChVDaHJvbWUvMTE1LjAuNTc5MC4xNzESJQnToD8hWAYqkhIFDeeNQA4SBQ3OQUx6EgUNeG8SGRIFDQ8Wvis=?alt=proto"
            }
          ],
          "SSLCipher": "TLS_AES_256_GCM_SHA384",
          "SSLVersion": "TLS1.3"
        },
        {
          "HTTPVersion": "HTTP/1.1",
          "IP": "142.250.182.195",
          "IncludeInScript": true,
          "Name": "clientservices.googleapis.com",
          "Port": 443,
          "Requests": [
            {
              "CompressionType": "",
              "DataType": "application/x-gzip",
              "DownloadTime": 265,
              "EventId": 19,
              "HttpStatus": 200,
              "Size": 788,
              "URL": "https://clientservices.googleapis.com/chrome-variations/seed?osname=win&channel=stable&milestone=115"
            }
          ],
          "SSLCipher": "",
          "SSLVersion": ""
        }
      ],
      "IncludeInScript": true
    },
    {
      "DomainName": "google.com",
      "Domains": [
        {
          "HTTPVersion": "HTTP/1.1",
          "IP": "216.239.32.181",
          "IncludeInScript": true,
          "Name": "analytics.google.com",
          "Port": 443,
          "Requests": [
            {
              "CompressionType": "",
              "DataType": "text/plain",
              "DownloadTime": 94,
              "EventId": 205,
              "HttpStatus": 204,
              "Size": 0,
              "URL": "https://analytics.google.com/g/collect?v=2&tid=G-56EMNRF2S2&gtm=45je3890&_p=1297314181&_gaz=1&ul=en-us&sr=1598x1048&cid=85558007.1692011496&ir=1&_eu=EBAI&_s=1&dl=http%3A%2F%2Fwww.advantageonlineshopping.com%2F&dt=%C2%A0Advantage%20Shopping&sid=1692011498&sct=1&seg=0&en=page_view&_fv=1&_ss=1&_ee=1"
            }
          ],
          "SSLCipher": "TLS_AES_256_GCM_SHA384",
          "SSLVersion": "TLS1.3"
        }
      ],
      "IncludeInScript": true
    },
    {
      "DomainName": "google.co.in",
      "Domains": [
        {
          "HTTPVersion": "HTTP/1.1",
          "IP": "142.250.66.3",
          "IncludeInScript": true,
          "Name": "www.google.co.in",
          "Port": 443,
          "Requests": [
            {
              "CompressionType": "",
              "DataType": "image/gif",
              "DownloadTime": 93,
              "EventId": 203,
              "HttpStatus": 200,
              "Size": 42,
              "URL": "https://www.google.co.in/ads/ga-audiences?v=1&t=sr&slf_rd=1&_r=4&tid=G-56EMNRF2S2&cid=85558007.1692011496&gtm=45je3890&aip=1&z=664809804"
            }
          ],
          "SSLCipher": "TLS_AES_256_GCM_SHA384",
          "SSLVersion": "TLS1.3"
        }
      ],
      "IncludeInScript": true
    },
    {
      "DomainName": "google-analytics.com",
      "Domains": [
        {
          "HTTPVersion": "HTTP/1.1",
          "IP": "142.250.66.14",
          "IncludeInScript": true,
          "Name": "www.google-analytics.com",
          "Port": 443,
          "Requests": [
            {
              "CompressionType": "gzip",
              "DataType": "text/javascript",
              "DownloadTime": 16,
              "EventId": 137,
              "HttpStatus": 200,
              "Size": 52916,
              "URL": "https://www.google-analytics.com/analytics.js"
            },
            {
              "CompressionType": "",
              "DataType": "text/plain",
              "DownloadTime": 78,
              "EventId": 132,
              "HttpStatus": 204,
              "Size": 0,
              "URL": "https://www.google-analytics.com/g/collect?v=2&tid=G-TBPYED8WSW&gtm=45je3890&_p=1297314181&cid=85558007.1692011496&ul=en-us&sr=1598x1048&_s=1&sid=1692011495&sct=1&seg=0&dl=http%3A%2F%2Fwww.advantageonlineshopping.com%2F&dt=%C2%A0Advantage%20Shopping&en=page_view&_fv=1&_nsi=1&_ss=1&_ee=1"
            }
          ],
          "SSLCipher": "TLS_AES_256_GCM_SHA384",
          "SSLVersion": "TLS1.3"
        }
      ],
      "IncludeInScript": true
    },
    {
      "DomainName": "doubleclick.net",
      "Domains": [
        {
          "HTTPVersion": "HTTP/1.1",
          "IP": "142.251.12.155",
          "IncludeInScript": true,
          "Name": "stats.g.doubleclick.net",
          "Port": 443,
          "Requests": [
            {
              "CompressionType": "",
              "DataType": "text/plain",
              "DownloadTime": 78,
              "EventId": 212,
              "HttpStatus": 204,
              "Size": 0,
              "URL": "https://stats.g.doubleclick.net/g/collect?v=2&tid=G-56EMNRF2S2&cid=85558007.1692011496&gtm=45je3890&aip=1"
            }
          ],
          "SSLCipher": "",
          "SSLVersion": ""
        }
      ],
      "IncludeInScript": true
    },
    {
      "DomainName": "advantageonlineshopping.com",
      "Domains": [
        {
          "HTTPVersion": "HTTP/1.1",
          "IP": "54.227.55.203",
          "IncludeInScript": true,
          "Name": "www.advantageonlineshopping.com",
          "Port": 80,
          "Requests": [
            {
              "CompressionType": "",
              "DataType": "text/xml",
              "DownloadTime": 266,
              "EventId": 362,
              "HttpStatus": 200,
              "Size": 409,
              "URL": "http://www.advantageonlineshopping.com/accountservice/ws/AccountLoginRequest"
            },
            {
              "CompressionType": "",
              "DataType": "text/xml",
              "DownloadTime": 266,
              "EventId": 360,
              "HttpStatus": 200,
              "Size": 409,
              "URL": "http://www.advantageonlineshopping.com/accountservice/ws/AccountLoginRequest"
            },
            {
              "CompressionType": "",
              "DataType": "image/png",
              "DownloadTime": 219,
              "EventId": 358,
              "HttpStatus": 200,
              "Size": 1029,
              "URL": "http://www.advantageonlineshopping.com/css/images/FacebookLogo.png"
            },
            {
              "CompressionType": "",
              "DataType": "image/jpeg",
              "DownloadTime": 250,
              "EventId": 329,
              "HttpStatus": 200,
              "Size": 42737,
              "URL": "http://www.advantageonlineshopping.com/css/images/Popular-item1.jpg"
            },
            {
              "CompressionType": "",
              "DataType": "image/jpeg",
              "DownloadTime": 219,
              "EventId": 314,
              "HttpStatus": 200,
              "Size": 28087,
              "URL": "http://www.advantageonlineshopping.com/css/images/Popular-item2.jpg"
            },
            {
              "CompressionType": "",
              "DataType": "image/jpeg",
              "DownloadTime": 203,
              "EventId": 310,
              "HttpStatus": 200,
              "Size": 25978,
              "URL": "http://www.advantageonlineshopping.com/css/images/Popular-item3.jpg"
            },
            {
              "CompressionType": "",
              "DataType": "image/jpeg",
              "DownloadTime": 203,
              "EventId": 304,
              "HttpStatus": 200,
              "Size": 68456,
              "URL": "http://www.advantageonlineshopping.com/css/images/Banner3.jpg"
            },
            {
              "CompressionType": "",
              "DataType": "image/jpeg",
              "DownloadTime": 250,
              "EventId": 296,
              "HttpStatus": 200,
              "Size": 85091,
              "URL": "http://www.advantageonlineshopping.com/css/images/Banner2.jpg"
            },
            {
              "CompressionType": "",
              "DataType": "image/jpeg",
              "DownloadTime": 218,
              "EventId": 290,
              "HttpStatus": 200,
              "Size": 496378,
              "URL": "http://www.advantageonlineshopping.com/css/images/Banner1.jpg"
            },
            {
              "CompressionType": "",
              "DataType": "image/png",
              "DownloadTime": 219,
              "EventId": 288,
              "HttpStatus": 200,
              "Size": 2064,
              "URL": "http://www.advantageonlineshopping.com/css/images/twitter.png"
            },
            {
              "CompressionType": "",
              "DataType": "image/png",
              "DownloadTime": 203,
              "EventId": 286,
              "HttpStatus": 200,
              "Size": 1707,
              "URL": "http://www.advantageonlineshopping.com/css/images/linkedin.png"
            },
            {
              "CompressionType": "",
              "DataType": "image/png",
              "DownloadTime": 235,
              "EventId": 273,
              "HttpStatus": 200,
              "Size": 1583,
              "URL": "http://www.advantageonlineshopping.com/css/images/facebook.png"
            },
            {
              "CompressionType": "",
              "DataType": "image/png",
              "DownloadTime": 234,
              "EventId": 271,
              "HttpStatus": 200,
              "Size": 2114,
              "URL": "http://www.advantageonlineshopping.com/css/images/GoUp.png"
            },
            {
              "CompressionType": "",
              "DataType": "image/png",
              "DownloadTime": 219,
              "EventId": 268,
              "HttpStatus": 200,
              "Size": 3003,
              "URL": "http://www.advantageonlineshopping.com/css/images/chat_logo.png"
            },
            {
              "CompressionType": "",
              "DataType": "font/woff",
              "DownloadTime": 218,
              "EventId": 265,
              "HttpStatus": 200,
              "Size": 24944,
              "URL": "http://www.advantageonlineshopping.com/css/fonts/roboto_thin_macroman/Roboto-Thin-webfont.woff"
            },
            {
              "CompressionType": "",
              "DataType": "image/jpeg",
              "DownloadTime": 218,
              "EventId": 261,
              "HttpStatus": 200,
              "Size": 80826,
              "URL": "http://www.advantageonlineshopping.com/css/images/Special-offer.jpg"
            },
            {
              "CompressionType": "",
              "DataType": "font/woff",
              "DownloadTime": 218,
              "EventId": 231,
              "HttpStatus": 200,
              "Size": 24808,
              "URL": "http://www.advantageonlineshopping.com/css/fonts/roboto_bold_macroman/Roboto-Bold-webfont.woff"
            },
            {
              "CompressionType": "",
              "DataType": "image/png",
              "DownloadTime": 250,
              "EventId": 229,
              "HttpStatus": 200,
              "Size": 228775,
              "URL": "http://www.advantageonlineshopping.com/catalog/fetchImage?image_id=speakers"
            },
            {
              "CompressionType": "",
              "DataType": "image/png",
              "DownloadTime": 219,
              "EventId": 227,
              "HttpStatus": 200,
              "Size": 91647,
              "URL": "http://www.advantageonlineshopping.com/catalog/fetchImage?image_id=mice"
            },
            {
              "CompressionType": "",
              "DataType": "image/jpeg",
              "DownloadTime": 234,
              "EventId": 225,
              "HttpStatus": 200,
              "Size": 63833,
              "URL": "http://www.advantageonlineshopping.com/catalog/fetchImage?image_id=tablets"
            },
            {
              "CompressionType": "",
              "DataType": "image/jpeg",
              "DownloadTime": 203,
              "EventId": 223,
              "HttpStatus": 200,
              "Size": 60070,
              "URL": "http://www.advantageonlineshopping.com/catalog/fetchImage?image_id=headphones"
            },
            {
              "CompressionType": "",
              "DataType": "image/jpeg",
              "DownloadTime": 218,
              "EventId": 220,
              "HttpStatus": 200,
              "Size": 47798,
              "URL": "http://www.advantageonlineshopping.com/catalog/fetchImage?image_id=laptops"
            },
            {
              "CompressionType": "",
              "DataType": "image/png",
              "DownloadTime": 219,
              "EventId": 218,
              "HttpStatus": 200,
              "Size": 996,
              "URL": "http://www.advantageonlineshopping.com/css/images/arrow_right.png"
            },
            {
              "CompressionType": "gzip",
              "DataType": "text/html",
              "DownloadTime": 234,
              "EventId": 216,
              "HttpStatus": 200,
              "Size": 12499,
              "URL": "http://www.advantageonlineshopping.com/app/views/home-page.html"
            },
            {
              "CompressionType": "gzip",
              "DataType": "application/json",
              "DownloadTime": 235,
              "EventId": 214,
              "HttpStatus": 200,
              "Size": 2323,
              "URL": "http://www.advantageonlineshopping.com/app/tempFiles/popularProducts.json"
            },
            {
              "CompressionType": "gzip",
              "DataType": "application/json",
              "DownloadTime": 328,
              "EventId": 209,
              "HttpStatus": 200,
              "Size": 681,
              "URL": "http://www.advantageonlineshopping.com/catalog/api/v1/deals/search?dealOfTheDay=true"
            },
            {
              "CompressionType": "gzip",
              "DataType": "application/json",
              "DownloadTime": 328,
              "EventId": 193,
              "HttpStatus": 200,
              "Size": 12954,
              "URL": "http://www.advantageonlineshopping.com/catalog/api/v1/categories"
            },
            {
              "CompressionType": "",
              "DataType": "text/xml",
              "DownloadTime": 250,
              "EventId": 181,
              "HttpStatus": 200,
              "Size": 823,
              "URL": "http://www.advantageonlineshopping.com/accountservice/ws/GetAccountConfigurationRequest"
            },
            {
              "CompressionType": "",
              "DataType": "font/woff",
              "DownloadTime": 235,
              "EventId": 178,
              "HttpStatus": 200,
              "Size": 25048,
              "URL": "http://www.advantageonlineshopping.com/css/fonts/roboto_medium_macroman/Roboto-Medium-webfont.woff"
            },
            {
              "CompressionType": "",
              "DataType": "image/x-icon",
              "DownloadTime": 219,
              "EventId": 176,
              "HttpStatus": 200,
              "Size": 1150,
              "URL": "http://www.advantageonlineshopping.com/css/images/favicon.ico"
            },
            {
              "CompressionType": "",
              "DataType": "font/woff",
              "DownloadTime": 219,
              "EventId": 172,
              "HttpStatus": 200,
              "Size": 25020,
              "URL": "http://www.advantageonlineshopping.com/css/fonts/roboto_regular_macroman/Roboto-Regular-webfont.woff"
            },
            {
              "CompressionType": "",
              "DataType": "font/woff",
              "DownloadTime": 203,
              "EventId": 170,
              "HttpStatus": 200,
              "Size": 24576,
              "URL": "http://www.advantageonlineshopping.com/css/fonts/roboto_light_macroman/Roboto-Light-webfont.woff"
            },
            {
              "CompressionType": "",
              "DataType": "image/png",
              "DownloadTime": 203,
              "EventId": 168,
              "HttpStatus": 200,
              "Size": 1098,
              "URL": "http://www.advantageonlineshopping.com/css/images/closeDark.png"
            },
            {
              "CompressionType": "",
              "DataType": "image/png",
              "DownloadTime": 219,
              "EventId": 159,
              "HttpStatus": 200,
              "Size": 2645,
              "URL": "http://www.advantageonlineshopping.com/css/images/logo.png"
            },
            {
              "CompressionType": "gzip",
              "DataType": "application/json",
              "DownloadTime": 235,
              "EventId": 155,
              "HttpStatus": 200,
              "Size": 23932,
              "URL": "http://www.advantageonlineshopping.com/catalog/api/v1/DemoAppConfig/parameters/by_tool/ALL"
            },
            {
              "CompressionType": "",
              "DataType": "",
              "DownloadTime": 219,
              "EventId": 134,
              "HttpStatus": 200,
              "Size": 1010,
              "URL": "http://www.advantageonlineshopping.com/services.properties"
            },
            {
              "CompressionType": "gzip",
              "DataType": "application/javascript",
              "DownloadTime": 235,
              "EventId": 83,
              "HttpStatus": 200,
              "Size": 1140570,
              "URL": "http://www.advantageonlineshopping.com/main.min.js"
            },
            {
              "CompressionType": "",
              "DataType": "image/svg+xml",
              "DownloadTime": 234,
              "EventId": 79,
              "HttpStatus": 200,
              "Size": 795,
              "URL": "http://www.advantageonlineshopping.com/css/images/Down_arrow.svg"
            },
            {
              "CompressionType": "gzip",
              "DataType": "application/javascript",
              "DownloadTime": 219,
              "EventId": 32,
              "HttpStatus": 200,
              "Size": 85921,
              "URL": "http://www.advantageonlineshopping.com/vendor/requirejs/require.js"
            },
            {
              "CompressionType": "gzip",
              "DataType": "text/css",
              "DownloadTime": 234,
              "EventId": 21,
              "HttpStatus": 200,
              "Size": 170701,
              "URL": "http://www.advantageonlineshopping.com/css/main.min.css"
            },
            {
              "CompressionType": "gzip",
              "DataType": "text/html",
              "DownloadTime": 219,
              "EventId": 16,
              "HttpStatus": 200,
              "Size": 11120,
              "URL": "http://www.advantageonlineshopping.com/"
            }
          ],
          "SSLCipher": "None",
          "SSLVersion": "None"
        }
      ],
      "IncludeInScript": true
    }
  ],
  "WebSocket": {
    "IncludeInScript": false,
    "IsScriptIncludeWebSocket": false
  },
  "NumberOfCorrelations": 1
}