[
    {
        "actionName": "Action",
        "steps": [
            {
                "stepId": "STEP7",
                "stepName": "Url: Index.htm",
                "infFile": "t2.inf",
                "time": 1693907471415
            },
            {
                "stepId": "STEP8",
                "stepName": "Submit Data: login.pl",
                "infFile": "t3.inf",
                "time": 1693907471621
            },
            {
                "stepId": "STEP9",
                "stepName": "Url: SignOff Button",
                "infFile": "t4.inf",
                "time": 1693907471828
            }
        ],
        "transactions": [
            {
                "transactionName": "TR01_Login",
                "rawStartTime": 1693907471421,
                "rawEndTime": 1693907471623,
                "thinkTime": 0.0,
                "wastedTime": 0.021006107330322267
            },
            {
                "transactionName": "TR02_SignOff",
                "rawStartTime": 1693907471670,
                "rawEndTime": 1693907471830,
                "thinkTime": 0.0,
                "wastedTime": 0.011138439178466797
            }
        ]
    }
]